{
  "collapsedGroups": [],
  "version": 5,
  "t": "2024-10-08T17:05:46.3953212-05:00",
  "commands": [
    {
      "sources": [
        0
      ],
      "permittedUsers": [],
      "permittedGroups": [],
      "id": "41fe3be1-baa6-400e-b118-1e7075a11842",
      "name": "!zacopter",
      "enabled": true,
      "include": true,
      "mode": 0,
      "command": "!zacopter",
      "regexExplicitCapture": false,
      "location": 0,
      "ignoreBotAccount": true,
      "ignoreInternal": true,
      "persistCounter": false,
      "persistUserCounter": false,
      "caseSensitive": false,
      "globalCooldown": 300,
      "userCooldown": 0,
      "group": "",
      "grantType": 0
    },
    {
      "sources": [
        0
      ],
      "permittedUsers": [],
      "permittedGroups": [],
      "id": "a78d487e-b06c-44d3-ba2b-fde226719a38",
      "name": "Quick Start - !so",
      "enabled": true,
      "include": true,
      "mode": 0,
      "command": "!so",
      "regexExplicitCapture": false,
      "location": 0,
      "ignoreBotAccount": true,
      "ignoreInternal": false,
      "persistCounter": false,
      "persistUserCounter": false,
      "caseSensitive": false,
      "globalCooldown": 0,
      "userCooldown": 0,
      "group": "Quick Start - Chatbot Example",
      "grantType": 0
    },
    {
      "sources": [
        0
      ],
      "permittedUsers": [],
      "permittedGroups": [],
      "id": "8873e8a0-4080-4ee8-86c6-39072c024560",
      "name": "Quick Start - !date",
      "enabled": true,
      "include": true,
      "mode": 0,
      "command": "!date",
      "regexExplicitCapture": false,
      "location": 0,
      "ignoreBotAccount": true,
      "ignoreInternal": false,
      "persistCounter": false,
      "persistUserCounter": false,
      "caseSensitive": false,
      "globalCooldown": 0,
      "userCooldown": 0,
      "group": "Quick Start - Chatbot Example",
      "grantType": 0
    },
    {
      "sources": [
        0
      ],
      "permittedUsers": [],
      "permittedGroups": [],
      "id": "3057d267-cd5f-44ad-a158-e01a11a0c351",
      "name": "Radioactivity",
      "enabled": true,
      "include": true,
      "mode": 0,
      "command": "!rads",
      "regexExplicitCapture": false,
      "location": 1,
      "ignoreBotAccount": true,
      "ignoreInternal": true,
      "persistCounter": false,
      "persistUserCounter": false,
      "caseSensitive": false,
      "globalCooldown": 0,
      "userCooldown": 30,
      "group": "Rads",
      "grantType": 0
    },
    {
      "sources": [
        0
      ],
      "permittedUsers": [],
      "permittedGroups": [
        "Moderators"
      ],
      "id": "bac7d3c8-3775-4005-a723-112914d9972e",
      "name": "!stoprads",
      "enabled": true,
      "include": true,
      "mode": 0,
      "command": "!stoprads",
      "regexExplicitCapture": false,
      "location": 0,
      "ignoreBotAccount": true,
      "ignoreInternal": true,
      "persistCounter": false,
      "persistUserCounter": false,
      "caseSensitive": false,
      "globalCooldown": 0,
      "userCooldown": 0,
      "group": "Rads",
      "grantType": 0
    },
    {
      "sources": [
        0
      ],
      "permittedUsers": [],
      "permittedGroups": [],
      "id": "20f1b791-1877-469c-be73-5ceb6ea9cdff",
      "name": "!cleanups",
      "enabled": true,
      "include": true,
      "mode": 0,
      "command": "!cleanups",
      "regexExplicitCapture": false,
      "location": 0,
      "ignoreBotAccount": true,
      "ignoreInternal": true,
      "persistCounter": false,
      "persistUserCounter": false,
      "caseSensitive": false,
      "globalCooldown": 0,
      "userCooldown": 5,
      "group": "Rads",
      "grantType": 0
    },
    {
      "sources": [
        0
      ],
      "permittedUsers": [],
      "permittedGroups": [],
      "id": "16296608-e713-459b-ac1e-233bd90d3ab5",
      "name": "Quick Start - !team",
      "enabled": true,
      "include": true,
      "mode": 0,
      "command": "!team",
      "regexExplicitCapture": false,
      "location": 0,
      "ignoreBotAccount": true,
      "ignoreInternal": false,
      "persistCounter": false,
      "persistUserCounter": false,
      "caseSensitive": false,
      "globalCooldown": 0,
      "userCooldown": 0,
      "group": "Quick Start - Chatbot Example",
      "grantType": 0
    },
    {
      "sources": [
        0
      ],
      "permittedUsers": [],
      "permittedGroups": [],
      "id": "68b7eb67-a20f-47b6-b473-4679c41a87f1",
      "name": "Quick Start - !stats",
      "enabled": true,
      "include": true,
      "mode": 0,
      "command": "!stats",
      "regexExplicitCapture": false,
      "location": 0,
      "ignoreBotAccount": true,
      "ignoreInternal": false,
      "persistCounter": false,
      "persistUserCounter": false,
      "caseSensitive": false,
      "globalCooldown": 0,
      "userCooldown": 0,
      "group": "Quick Start - Chatbot Example",
      "grantType": 0
    },
    {
      "sources": [
        0
      ],
      "permittedUsers": [],
      "permittedGroups": [],
      "id": "7db74456-c49d-4e7c-a309-ffe0c9ba9b6b",
      "name": "Quick Start - !accountAge",
      "enabled": true,
      "include": true,
      "mode": 0,
      "command": "!accountAge",
      "regexExplicitCapture": false,
      "location": 0,
      "ignoreBotAccount": true,
      "ignoreInternal": false,
      "persistCounter": false,
      "persistUserCounter": false,
      "caseSensitive": false,
      "globalCooldown": 0,
      "userCooldown": 0,
      "group": "Quick Start - Chatbot Example",
      "grantType": 0
    },
    {
      "sources": [
        0
      ],
      "permittedUsers": [],
      "permittedGroups": [],
      "id": "08dfcc5e-c95d-4f32-aa52-d9b8013cf817",
      "name": "Quick Start - !followers",
      "enabled": true,
      "include": true,
      "mode": 0,
      "command": "!followers",
      "regexExplicitCapture": false,
      "location": 0,
      "ignoreBotAccount": true,
      "ignoreInternal": false,
      "persistCounter": false,
      "persistUserCounter": false,
      "caseSensitive": false,
      "globalCooldown": 0,
      "userCooldown": 0,
      "group": "Quick Start - Chatbot Example",
      "grantType": 0
    },
    {
      "sources": [
        0
      ],
      "permittedUsers": [],
      "permittedGroups": [],
      "id": "9ba6f9cf-3e52-4ef5-9aeb-cafa1ae8559e",
      "name": "!unlurk",
      "enabled": true,
      "include": true,
      "mode": 0,
      "command": "!unlurk",
      "regexExplicitCapture": false,
      "location": 0,
      "ignoreBotAccount": true,
      "ignoreInternal": true,
      "persistCounter": false,
      "persistUserCounter": false,
      "caseSensitive": false,
      "globalCooldown": 0,
      "userCooldown": 0,
      "group": "Quick Start - Chatbot Example",
      "grantType": 0
    },
    {
      "sources": [
        0
      ],
      "permittedUsers": [],
      "permittedGroups": [],
      "id": "180b79ff-15e1-4fe1-8b76-87b8882ee0d7",
      "name": "Quick Start - !followAge",
      "enabled": true,
      "include": true,
      "mode": 0,
      "command": "!followage",
      "regexExplicitCapture": false,
      "location": 0,
      "ignoreBotAccount": true,
      "ignoreInternal": false,
      "persistCounter": false,
      "persistUserCounter": false,
      "caseSensitive": false,
      "globalCooldown": 0,
      "userCooldown": 0,
      "group": "Quick Start - Chatbot Example",
      "grantType": 0
    },
    {
      "sources": [
        0
      ],
      "permittedUsers": [],
      "permittedGroups": [],
      "id": "631cc38c-8a1e-46df-9c08-344474cc1278",
      "name": "!lurk",
      "enabled": true,
      "include": true,
      "mode": 0,
      "command": "!lurk",
      "regexExplicitCapture": false,
      "location": 0,
      "ignoreBotAccount": true,
      "ignoreInternal": true,
      "persistCounter": false,
      "persistUserCounter": false,
      "caseSensitive": false,
      "globalCooldown": 0,
      "userCooldown": 0,
      "group": "Quick Start - Chatbot Example",
      "grantType": 0
    },
    {
      "sources": [
        0
      ],
      "permittedUsers": [],
      "permittedGroups": [],
      "id": "ce8db403-249c-4f36-88b6-36e0dde9a2ba",
      "name": "!quarantines",
      "enabled": true,
      "include": true,
      "mode": 0,
      "command": "!quarantines",
      "regexExplicitCapture": false,
      "location": 0,
      "ignoreBotAccount": true,
      "ignoreInternal": true,
      "persistCounter": false,
      "persistUserCounter": false,
      "caseSensitive": false,
      "globalCooldown": 0,
      "userCooldown": 5,
      "group": "Rads",
      "grantType": 0
    },
    {
      "sources": [
        0
      ],
      "permittedUsers": [],
      "permittedGroups": [],
      "id": "080c8007-30cb-4c07-9989-ad8d1ee25a71",
      "name": "Quick Start - !uptime",
      "enabled": true,
      "include": true,
      "mode": 0,
      "command": "!uptime",
      "regexExplicitCapture": false,
      "location": 0,
      "ignoreBotAccount": true,
      "ignoreInternal": false,
      "persistCounter": false,
      "persistUserCounter": false,
      "caseSensitive": false,
      "globalCooldown": 0,
      "userCooldown": 0,
      "group": "Quick Start - Chatbot Example",
      "grantType": 0
    },
    {
      "sources": [
        0
      ],
      "permittedUsers": [],
      "permittedGroups": [],
      "id": "ebe7ea8a-b670-4851-b452-3d867be0f42f",
      "name": "Quick Start - !time",
      "enabled": true,
      "include": true,
      "mode": 0,
      "command": "!time",
      "regexExplicitCapture": false,
      "location": 0,
      "ignoreBotAccount": true,
      "ignoreInternal": true,
      "persistCounter": false,
      "persistUserCounter": false,
      "caseSensitive": false,
      "globalCooldown": 0,
      "userCooldown": 0,
      "group": "Quick Start - Chatbot Example",
      "grantType": 0
    }
  ]
}