{
  "collapsedGroups": [],
  "version": 5,
  "t": "2025-05-06T11:00:31.4431417-05:00",
  "commands": [
    {
      "sources": [
        0
      ],
      "permittedUsers": [],
      "permittedGroups": [],
      "id": "7db74456-c49d-4e7c-a309-ffe0c9ba9b6b",
      "name": "Quick Start - !accountAge",
      "enabled": true,
      "include": true,
      "mode": 0,
      "command": "!accountAge",
      "regexExplicitCapture": false,
      "location": 0,
      "ignoreBotAccount": true,
      "ignoreInternal": false,
      "persistCounter": false,
      "persistUserCounter": false,
      "caseSensitive": false,
      "globalCooldown": 0,
      "userCooldown": 0,
      "group": "Quick Start - Chatbot Example",
      "grantType": 0
    },
    {
      "sources": [
        0
      ],
      "permittedUsers": [],
      "permittedGroups": [],
      "id": "0fed4301-76b4-4ac1-bb68-e59d05cf40e8",
      "name": "!wanted",
      "enabled": true,
      "include": true,
      "mode": 0,
      "command": "!wanted",
      "regexExplicitCapture": false,
      "location": 0,
      "ignoreBotAccount": true,
      "ignoreInternal": true,
      "persistCounter": false,
      "persistUserCounter": false,
      "caseSensitive": false,
      "globalCooldown": 0,
      "userCooldown": 0,
      "group": "Community Commands",
      "grantType": 0
    },
    {
      "sources": [
        0
      ],
      "permittedUsers": [],
      "permittedGroups": [],
      "id": "08dfcc5e-c95d-4f32-aa52-d9b8013cf817",
      "name": "Quick Start - !followers",
      "enabled": true,
      "include": true,
      "mode": 0,
      "command": "!followers",
      "regexExplicitCapture": false,
      "location": 0,
      "ignoreBotAccount": true,
      "ignoreInternal": false,
      "persistCounter": false,
      "persistUserCounter": false,
      "caseSensitive": false,
      "globalCooldown": 0,
      "userCooldown": 0,
      "group": "Quick Start - Chatbot Example",
      "grantType": 0
    },
    {
      "sources": [
        0,
        1
      ],
      "permittedUsers": [],
      "permittedGroups": [
        "Moderators"
      ],
      "id": "c1b6a6b7-b734-4fcc-bbd2-3923f7a3a07f",
      "name": "govPower",
      "enabled": false,
      "include": true,
      "mode": 0,
      "command": "!govPower",
      "regexExplicitCapture": false,
      "location": 0,
      "ignoreBotAccount": false,
      "ignoreInternal": false,
      "persistCounter": false,
      "persistUserCounter": false,
      "caseSensitive": false,
      "globalCooldown": 0,
      "userCooldown": 0,
      "group": "Govee",
      "grantType": 0
    },
    {
      "sources": [
        0
      ],
      "permittedUsers": [],
      "permittedGroups": [],
      "id": "9ba6f9cf-3e52-4ef5-9aeb-cafa1ae8559e",
      "name": "!unlurk",
      "enabled": true,
      "include": true,
      "mode": 0,
      "command": "!unlurk",
      "regexExplicitCapture": false,
      "location": 0,
      "ignoreBotAccount": true,
      "ignoreInternal": true,
      "persistCounter": false,
      "persistUserCounter": false,
      "caseSensitive": false,
      "globalCooldown": 0,
      "userCooldown": 0,
      "group": "Quick Start - Chatbot Example",
      "grantType": 0
    },
    {
      "sources": [
        0,
        1
      ],
      "permittedUsers": [],
      "permittedGroups": [
        "Moderators"
      ],
      "id": "b38d70a1-9077-4c5f-86b2-bb8c8c4eeeef",
      "name": "govSnapshot",
      "enabled": false,
      "include": true,
      "mode": 0,
      "command": "!govSnapshot",
      "regexExplicitCapture": false,
      "location": 0,
      "ignoreBotAccount": false,
      "ignoreInternal": false,
      "persistCounter": false,
      "persistUserCounter": false,
      "caseSensitive": false,
      "globalCooldown": 0,
      "userCooldown": 0,
      "group": "Govee",
      "grantType": 0
    },
    {
      "sources": [
        0,
        1
      ],
      "permittedUsers": [],
      "permittedGroups": [
        "Moderators"
      ],
      "id": "50e0d96f-f8c0-43a8-8875-20be3753b6a0",
      "name": "govBrightness",
      "enabled": false,
      "include": true,
      "mode": 0,
      "command": "!govBrightness",
      "regexExplicitCapture": false,
      "location": 0,
      "ignoreBotAccount": false,
      "ignoreInternal": false,
      "persistCounter": false,
      "persistUserCounter": false,
      "caseSensitive": false,
      "globalCooldown": 0,
      "userCooldown": 0,
      "group": "Govee",
      "grantType": 0
    },
    {
      "sources": [
        0
      ],
      "permittedUsers": [],
      "permittedGroups": [],
      "id": "16296608-e713-459b-ac1e-233bd90d3ab5",
      "name": "Quick Start - !team",
      "enabled": true,
      "include": true,
      "mode": 0,
      "command": "!team",
      "regexExplicitCapture": false,
      "location": 0,
      "ignoreBotAccount": true,
      "ignoreInternal": false,
      "persistCounter": false,
      "persistUserCounter": false,
      "caseSensitive": false,
      "globalCooldown": 0,
      "userCooldown": 0,
      "group": "Quick Start - Chatbot Example",
      "grantType": 0
    },
    {
      "sources": [
        0
      ],
      "permittedUsers": [],
      "permittedGroups": [],
      "id": "bfac9af9-652a-46ca-a529-b8bedf736812",
      "name": "!addme, !removeme, !showqueue",
      "enabled": true,
      "include": true,
      "mode": 0,
      "command": "!join\r\n!leave\r\n!showqueue",
      "regexExplicitCapture": false,
      "location": 0,
      "ignoreBotAccount": true,
      "ignoreInternal": true,
      "persistCounter": false,
      "persistUserCounter": false,
      "caseSensitive": false,
      "globalCooldown": 0,
      "userCooldown": 10,
      "group": "playing with viewers",
      "grantType": 0
    },
    {
      "sources": [
        0
      ],
      "permittedUsers": [],
      "permittedGroups": [],
      "id": "78e830c6-b471-420f-8b3b-2b4d4c50a7cb",
      "name": "!Morris",
      "enabled": true,
      "include": true,
      "mode": 0,
      "command": "!morris",
      "regexExplicitCapture": false,
      "location": 0,
      "ignoreBotAccount": true,
      "ignoreInternal": true,
      "persistCounter": false,
      "persistUserCounter": false,
      "caseSensitive": false,
      "globalCooldown": 0,
      "userCooldown": 30,
      "group": "Chat Commands",
      "grantType": 0
    },
    {
      "sources": [
        0
      ],
      "permittedUsers": [],
      "permittedGroups": [],
      "id": "308c3317-2e10-4083-92b8-f2fbbbccf712",
      "name": "!brutus",
      "enabled": true,
      "include": true,
      "mode": 0,
      "command": "!brutus",
      "regexExplicitCapture": false,
      "location": 0,
      "ignoreBotAccount": true,
      "ignoreInternal": true,
      "persistCounter": false,
      "persistUserCounter": false,
      "caseSensitive": false,
      "globalCooldown": 300,
      "userCooldown": 0,
      "group": "Redemptions",
      "grantType": 0
    },
    {
      "sources": [
        0
      ],
      "permittedUsers": [],
      "permittedGroups": [],
      "id": "d84f5226-73dc-4921-944c-d8b1bbeb3d36",
      "name": "!quote",
      "enabled": true,
      "include": true,
      "mode": 0,
      "command": "!quote",
      "regexExplicitCapture": false,
      "location": 0,
      "ignoreBotAccount": true,
      "ignoreInternal": true,
      "persistCounter": false,
      "persistUserCounter": false,
      "caseSensitive": false,
      "globalCooldown": 0,
      "userCooldown": 60,
      "group": "Quick Start - Chatbot Example",
      "grantType": 0
    },
    {
      "sources": [
        0
      ],
      "permittedUsers": [],
      "permittedGroups": [],
      "id": "3057d267-cd5f-44ad-a158-e01a11a0c351",
      "name": "Radioactivity",
      "enabled": true,
      "include": true,
      "mode": 0,
      "command": "!rads\r\n!rad\r\n!rada",
      "regexExplicitCapture": false,
      "location": 1,
      "ignoreBotAccount": true,
      "ignoreInternal": true,
      "persistCounter": false,
      "persistUserCounter": false,
      "caseSensitive": false,
      "globalCooldown": 0,
      "userCooldown": 30,
      "group": "Rads",
      "grantType": 0
    },
    {
      "sources": [
        0
      ],
      "permittedUsers": [],
      "permittedGroups": [],
      "id": "ebe7ea8a-b670-4851-b452-3d867be0f42f",
      "name": "Quick Start - !time",
      "enabled": true,
      "include": true,
      "mode": 0,
      "command": "!time",
      "regexExplicitCapture": false,
      "location": 0,
      "ignoreBotAccount": true,
      "ignoreInternal": true,
      "persistCounter": false,
      "persistUserCounter": false,
      "caseSensitive": false,
      "globalCooldown": 0,
      "userCooldown": 0,
      "group": "Quick Start - Chatbot Example",
      "grantType": 0
    },
    {
      "sources": [
        0
      ],
      "permittedUsers": [],
      "permittedGroups": [],
      "id": "546050da-4639-4bac-9dc7-d8655d16f69e",
      "name": "!sweaty",
      "enabled": true,
      "include": true,
      "mode": 0,
      "command": "!sweaty",
      "regexExplicitCapture": false,
      "location": 0,
      "ignoreBotAccount": true,
      "ignoreInternal": true,
      "persistCounter": false,
      "persistUserCounter": false,
      "caseSensitive": false,
      "globalCooldown": 0,
      "userCooldown": 0,
      "group": "Community Commands",
      "grantType": 0
    },
    {
      "sources": [
        0
      ],
      "permittedUsers": [],
      "permittedGroups": [],
      "id": "24f00998-69e1-4458-837c-5e4bd8b62dbb",
      "name": "!distraction",
      "enabled": true,
      "include": true,
      "mode": 0,
      "command": "!distraction\r\n!ahhh\r\n!ah\r\n!ahh",
      "regexExplicitCapture": false,
      "location": 0,
      "ignoreBotAccount": true,
      "ignoreInternal": true,
      "persistCounter": false,
      "persistUserCounter": false,
      "caseSensitive": false,
      "globalCooldown": 300,
      "userCooldown": 0,
      "group": "Redemptions",
      "grantType": 0
    },
    {
      "sources": [
        0
      ],
      "permittedUsers": [],
      "permittedGroups": [],
      "id": "30d91d43-cedc-4093-abe9-7b3034095218",
      "name": "!gingerbirth",
      "enabled": true,
      "include": true,
      "mode": 0,
      "command": "!gingerbirth",
      "regexExplicitCapture": false,
      "location": 0,
      "ignoreBotAccount": true,
      "ignoreInternal": true,
      "persistCounter": false,
      "persistUserCounter": false,
      "caseSensitive": false,
      "globalCooldown": 300,
      "userCooldown": 0,
      "group": "Redemptions",
      "grantType": 0
    },
    {
      "sources": [
        0
      ],
      "permittedUsers": [],
      "permittedGroups": [],
      "id": "8873e8a0-4080-4ee8-86c6-39072c024560",
      "name": "Quick Start - !date",
      "enabled": true,
      "include": true,
      "mode": 0,
      "command": "!date",
      "regexExplicitCapture": false,
      "location": 0,
      "ignoreBotAccount": true,
      "ignoreInternal": false,
      "persistCounter": false,
      "persistUserCounter": false,
      "caseSensitive": false,
      "globalCooldown": 0,
      "userCooldown": 0,
      "group": "Quick Start - Chatbot Example",
      "grantType": 0
    },
    {
      "sources": [
        0,
        1
      ],
      "permittedUsers": [],
      "permittedGroups": [
        "Moderators"
      ],
      "id": "78525c03-5e42-4b59-ba09-30b81feb0115",
      "name": "govDScene",
      "enabled": false,
      "include": true,
      "mode": 0,
      "command": "!govDScene",
      "regexExplicitCapture": false,
      "location": 0,
      "ignoreBotAccount": false,
      "ignoreInternal": false,
      "persistCounter": false,
      "persistUserCounter": false,
      "caseSensitive": false,
      "globalCooldown": 0,
      "userCooldown": 0,
      "group": "Govee",
      "grantType": 0
    },
    {
      "sources": [
        0
      ],
      "permittedUsers": [],
      "permittedGroups": [],
      "id": "27b9109a-c92d-42ee-ad48-79d9bbb57666",
      "name": "!notmycousin",
      "enabled": true,
      "include": true,
      "mode": 0,
      "command": "!notmycousin",
      "regexExplicitCapture": false,
      "location": 0,
      "ignoreBotAccount": true,
      "ignoreInternal": true,
      "persistCounter": false,
      "persistUserCounter": false,
      "caseSensitive": false,
      "globalCooldown": 300,
      "userCooldown": 0,
      "group": "Redemptions",
      "grantType": 0
    },
    {
      "sources": [
        0
      ],
      "permittedUsers": [],
      "permittedGroups": [],
      "id": "0f0ba031-39ba-4593-bd2a-781483d6ed54",
      "name": "!incredible",
      "enabled": true,
      "include": true,
      "mode": 0,
      "command": "!incredible",
      "regexExplicitCapture": false,
      "location": 0,
      "ignoreBotAccount": true,
      "ignoreInternal": true,
      "persistCounter": false,
      "persistUserCounter": false,
      "caseSensitive": false,
      "globalCooldown": 300,
      "userCooldown": 0,
      "group": "Redemptions",
      "grantType": 0
    },
    {
      "sources": [
        0,
        1
      ],
      "permittedUsers": [],
      "permittedGroups": [
        "Moderators"
      ],
      "id": "d9236fee-5ea1-4759-bcaa-4f63763d256d",
      "name": "goveeInit",
      "enabled": false,
      "include": true,
      "mode": 0,
      "command": "!goveeInit",
      "regexExplicitCapture": false,
      "location": 0,
      "ignoreBotAccount": false,
      "ignoreInternal": false,
      "persistCounter": false,
      "persistUserCounter": false,
      "caseSensitive": false,
      "globalCooldown": 0,
      "userCooldown": 0,
      "group": "Govee",
      "grantType": 0
    },
    {
      "sources": [
        0
      ],
      "permittedUsers": [],
      "permittedGroups": [],
      "id": "cd52581a-842c-4d02-8c3f-cd332c54d342",
      "name": "!nicedog",
      "enabled": true,
      "include": true,
      "mode": 0,
      "command": "!nicedog",
      "regexExplicitCapture": false,
      "location": 0,
      "ignoreBotAccount": true,
      "ignoreInternal": true,
      "persistCounter": false,
      "persistUserCounter": false,
      "caseSensitive": false,
      "globalCooldown": 300,
      "userCooldown": 0,
      "group": "",
      "grantType": 0
    },
    {
      "sources": [
        0,
        1
      ],
      "permittedUsers": [],
      "permittedGroups": [
        "Moderators"
      ],
      "id": "e7e91c74-8015-423e-9a4e-40102f82a830",
      "name": "govColorTemp",
      "enabled": false,
      "include": true,
      "mode": 0,
      "command": "!govColorTemp",
      "regexExplicitCapture": false,
      "location": 0,
      "ignoreBotAccount": false,
      "ignoreInternal": false,
      "persistCounter": false,
      "persistUserCounter": false,
      "caseSensitive": false,
      "globalCooldown": 0,
      "userCooldown": 0,
      "group": "Govee",
      "grantType": 0
    },
    {
      "sources": [
        0
      ],
      "permittedUsers": [],
      "permittedGroups": [],
      "id": "20f1b791-1877-469c-be73-5ceb6ea9cdff",
      "name": "!cleanups",
      "enabled": true,
      "include": true,
      "mode": 0,
      "command": "!cleanups",
      "regexExplicitCapture": false,
      "location": 0,
      "ignoreBotAccount": true,
      "ignoreInternal": true,
      "persistCounter": false,
      "persistUserCounter": false,
      "caseSensitive": false,
      "globalCooldown": 0,
      "userCooldown": 5,
      "group": "Rads",
      "grantType": 0
    },
    {
      "sources": [
        0
      ],
      "permittedUsers": [],
      "permittedGroups": [],
      "id": "41fe3be1-baa6-400e-b118-1e7075a11842",
      "name": "!zacopter",
      "enabled": true,
      "include": true,
      "mode": 0,
      "command": "!zacopter",
      "regexExplicitCapture": false,
      "location": 0,
      "ignoreBotAccount": true,
      "ignoreInternal": true,
      "persistCounter": false,
      "persistUserCounter": false,
      "caseSensitive": false,
      "globalCooldown": 300,
      "userCooldown": 0,
      "group": "Redemptions",
      "grantType": 0
    },
    {
      "sources": [
        0
      ],
      "permittedUsers": [],
      "permittedGroups": [],
      "id": "080c8007-30cb-4c07-9989-ad8d1ee25a71",
      "name": "Quick Start - !uptime",
      "enabled": true,
      "include": true,
      "mode": 0,
      "command": "!uptime",
      "regexExplicitCapture": false,
      "location": 0,
      "ignoreBotAccount": true,
      "ignoreInternal": false,
      "persistCounter": false,
      "persistUserCounter": false,
      "caseSensitive": false,
      "globalCooldown": 0,
      "userCooldown": 0,
      "group": "Quick Start - Chatbot Example",
      "grantType": 0
    },
    {
      "sources": [
        0,
        1
      ],
      "permittedUsers": [],
      "permittedGroups": [
        "Moderators"
      ],
      "id": "9790f451-386b-40e4-8be1-c8f1849482d7",
      "name": "govPScene",
      "enabled": false,
      "include": true,
      "mode": 0,
      "command": "!govPScene",
      "regexExplicitCapture": false,
      "location": 0,
      "ignoreBotAccount": false,
      "ignoreInternal": false,
      "persistCounter": false,
      "persistUserCounter": false,
      "caseSensitive": false,
      "globalCooldown": 0,
      "userCooldown": 0,
      "group": "Govee",
      "grantType": 0
    },
    {
      "sources": [
        0
      ],
      "permittedUsers": [],
      "permittedGroups": [],
      "id": "ce8db403-249c-4f36-88b6-36e0dde9a2ba",
      "name": "!quarantines",
      "enabled": true,
      "include": true,
      "mode": 0,
      "command": "!quarantines",
      "regexExplicitCapture": false,
      "location": 0,
      "ignoreBotAccount": true,
      "ignoreInternal": true,
      "persistCounter": false,
      "persistUserCounter": false,
      "caseSensitive": false,
      "globalCooldown": 0,
      "userCooldown": 5,
      "group": "Rads",
      "grantType": 0
    },
    {
      "sources": [
        0
      ],
      "permittedUsers": [],
      "permittedGroups": [],
      "id": "81bc8200-256d-4e1e-9e41-5010c3b808de",
      "name": "!addplayer, !clearplayers, !nextplayer, !randomplayer, !removeactive, !removeplayer, !replaceactive, ",
      "enabled": true,
      "include": true,
      "mode": 0,
      "command": "!addplayer\r\n!clearqueue\r\n!next\r\n!randomplayer\r\n!removeactive\r\n!removeplayer\r\n!replaceactive\r\n!forceactive\r\n",
      "regexExplicitCapture": false,
      "location": 0,
      "ignoreBotAccount": true,
      "ignoreInternal": true,
      "persistCounter": false,
      "persistUserCounter": false,
      "caseSensitive": false,
      "globalCooldown": 0,
      "userCooldown": 0,
      "group": "playing with viewers",
      "grantType": 1
    },
    {
      "sources": [
        0
      ],
      "permittedUsers": [],
      "permittedGroups": [],
      "id": "f41d949a-a254-43ef-a409-260b5cc1e322",
      "name": "!otaku",
      "enabled": true,
      "include": true,
      "mode": 0,
      "command": "!otaku",
      "regexExplicitCapture": false,
      "location": 0,
      "ignoreBotAccount": true,
      "ignoreInternal": true,
      "persistCounter": false,
      "persistUserCounter": false,
      "caseSensitive": false,
      "globalCooldown": 0,
      "userCooldown": 0,
      "group": "Community Commands",
      "grantType": 0
    },
    {
      "sources": [
        0
      ],
      "permittedUsers": [],
      "permittedGroups": [],
      "id": "747147b2-b315-466a-8b2a-90aba564ea8d",
      "name": "!llama",
      "enabled": true,
      "include": true,
      "mode": 0,
      "command": "!llama",
      "regexExplicitCapture": false,
      "location": 0,
      "ignoreBotAccount": true,
      "ignoreInternal": true,
      "persistCounter": false,
      "persistUserCounter": false,
      "caseSensitive": false,
      "globalCooldown": 0,
      "userCooldown": 0,
      "group": "Community Commands",
      "grantType": 0
    },
    {
      "sources": [
        0
      ],
      "permittedUsers": [],
      "permittedGroups": [],
      "id": "99546030-8c74-4f94-a6ca-9ccf9e19ddf1",
      "name": "!didit",
      "enabled": true,
      "include": true,
      "mode": 0,
      "command": "!didit",
      "regexExplicitCapture": false,
      "location": 0,
      "ignoreBotAccount": true,
      "ignoreInternal": true,
      "persistCounter": false,
      "persistUserCounter": false,
      "caseSensitive": false,
      "globalCooldown": 300,
      "userCooldown": 0,
      "group": "Redemptions",
      "grantType": 0
    },
    {
      "sources": [
        0
      ],
      "permittedUsers": [],
      "permittedGroups": [],
      "id": "68b7eb67-a20f-47b6-b473-4679c41a87f1",
      "name": "Quick Start - !stats",
      "enabled": true,
      "include": true,
      "mode": 0,
      "command": "!stats",
      "regexExplicitCapture": false,
      "location": 0,
      "ignoreBotAccount": true,
      "ignoreInternal": false,
      "persistCounter": false,
      "persistUserCounter": false,
      "caseSensitive": false,
      "globalCooldown": 0,
      "userCooldown": 0,
      "group": "Quick Start - Chatbot Example",
      "grantType": 0
    },
    {
      "sources": [
        0
      ],
      "permittedUsers": [],
      "permittedGroups": [],
      "id": "180b79ff-15e1-4fe1-8b76-87b8882ee0d7",
      "name": "Quick Start - !followAge",
      "enabled": true,
      "include": true,
      "mode": 0,
      "command": "!followage",
      "regexExplicitCapture": false,
      "location": 0,
      "ignoreBotAccount": true,
      "ignoreInternal": false,
      "persistCounter": false,
      "persistUserCounter": false,
      "caseSensitive": false,
      "globalCooldown": 0,
      "userCooldown": 0,
      "group": "Quick Start - Chatbot Example",
      "grantType": 0
    },
    {
      "sources": [
        0
      ],
      "permittedUsers": [],
      "permittedGroups": [],
      "id": "63458521-5729-4049-af3b-2a31b70c3687",
      "name": "!confirmed",
      "enabled": true,
      "include": true,
      "mode": 0,
      "command": "!confirmed\r\n!botlobby\r\n!botlobbythat",
      "regexExplicitCapture": false,
      "location": 0,
      "ignoreBotAccount": true,
      "ignoreInternal": true,
      "persistCounter": false,
      "persistUserCounter": false,
      "caseSensitive": false,
      "globalCooldown": 300,
      "userCooldown": 0,
      "group": "Redemptions",
      "grantType": 0
    },
    {
      "sources": [
        0,
        1
      ],
      "permittedUsers": [],
      "permittedGroups": [
        "Moderators"
      ],
      "id": "077762fe-54b3-4830-9afc-c5355895086d",
      "name": "govColor",
      "enabled": false,
      "include": true,
      "mode": 0,
      "command": "!govColor",
      "regexExplicitCapture": false,
      "location": 0,
      "ignoreBotAccount": false,
      "ignoreInternal": false,
      "persistCounter": false,
      "persistUserCounter": false,
      "caseSensitive": false,
      "globalCooldown": 0,
      "userCooldown": 0,
      "group": "Govee",
      "grantType": 0
    },
    {
      "sources": [
        0
      ],
      "permittedUsers": [],
      "permittedGroups": [],
      "id": "a78d487e-b06c-44d3-ba2b-fde226719a38",
      "name": "Quick Start - !so",
      "enabled": true,
      "include": true,
      "mode": 0,
      "command": "!so",
      "regexExplicitCapture": false,
      "location": 0,
      "ignoreBotAccount": true,
      "ignoreInternal": false,
      "persistCounter": false,
      "persistUserCounter": false,
      "caseSensitive": false,
      "globalCooldown": 0,
      "userCooldown": 0,
      "group": "Quick Start - Chatbot Example",
      "grantType": 0
    },
    {
      "sources": [
        0
      ],
      "permittedUsers": [],
      "permittedGroups": [
        "Moderators"
      ],
      "id": "bac7d3c8-3775-4005-a723-112914d9972e",
      "name": "!stoprads",
      "enabled": true,
      "include": true,
      "mode": 0,
      "command": "!stoprads",
      "regexExplicitCapture": false,
      "location": 0,
      "ignoreBotAccount": true,
      "ignoreInternal": true,
      "persistCounter": false,
      "persistUserCounter": false,
      "caseSensitive": false,
      "globalCooldown": 0,
      "userCooldown": 0,
      "group": "Rads",
      "grantType": 0
    },
    {
      "sources": [
        0
      ],
      "permittedUsers": [],
      "permittedGroups": [
        "Moderators",
        "VIPs"
      ],
      "id": "a1103f74-27fe-4955-8767-a9df3e8ae37e",
      "name": "!replay",
      "enabled": true,
      "include": true,
      "mode": 0,
      "command": "!replay\r\n!clip",
      "regexExplicitCapture": false,
      "location": 0,
      "ignoreBotAccount": true,
      "ignoreInternal": true,
      "persistCounter": false,
      "persistUserCounter": false,
      "caseSensitive": false,
      "globalCooldown": 20,
      "userCooldown": 0,
      "group": "Mod Stuff",
      "grantType": 0
    },
    {
      "sources": [
        0
      ],
      "permittedUsers": [],
      "permittedGroups": [],
      "id": "631cc38c-8a1e-46df-9c08-344474cc1278",
      "name": "!lurk",
      "enabled": true,
      "include": true,
      "mode": 0,
      "command": "!lurk",
      "regexExplicitCapture": false,
      "location": 0,
      "ignoreBotAccount": true,
      "ignoreInternal": true,
      "persistCounter": false,
      "persistUserCounter": false,
      "caseSensitive": false,
      "globalCooldown": 0,
      "userCooldown": 0,
      "group": "Quick Start - Chatbot Example",
      "grantType": 0
    }
  ]
}